estrella,звезда
palabra,слово
amor,любовь
palabra,слово
tiempo,время
luna,луна
pantalón,брюки
ropa,одежда
niño,ребёнок
camisa,рубашка
puerta,дверь
felicidad,счастье
trabajo,работа
amable,вежливый
canción,песня
amable,вежливый
idioma,язык
hombre,мужчина
camino,дорога
música,музыка
casa,дом
camisa,рубашка
música,музыка
dinero,деньги
día,день
playa,пляж
respuesta,ответ
libro,книга
amor,любовь
amigo,друг
gato,кот
montaña,гора
amigo,друг
rápido,быстрый
felicidad,счастье
respuesta,ответ
mar,море
amigo,друг
día,день
libro,книга
casa,дом
palabra,слово
mujer,женщина
palabra,слово
coche,машина
película,фильм
zapato,туфля
película,фильм
viaje,путешествие
perro,собака
montaña,гора
playa,пляж
amigo,друг
amor,любовь
hombre,мужчина
escuela,школа
estrella,звезда
trabajo,работа
luna,луна
agua,вода
mujer,женщина
mar,море
casa,дом
mar,море
estrella,звезда
niño,ребёнок
playa,пляж
agua,вода
agua,вода
playa,пляж
montaña,гора
puerta,дверь
día,день
sol,солнце
respuesta,ответ
casa,дом
ventana,окно
río,река
amor,любовь
niño,ребёнок
perro,собака
amigo,друг
hombre,мужчина
frase,фраза
niño,ребёнок
lento,медленный
ropa,одежда
casa,дом
familia,семья
respuesta,ответ
libro,книга
día,день
respuesta,ответ
gato,кот
día,день
ropa,одежда
amigo,друг
libro,книга
zapato,туфля
escuela,школа
camino,дорога
frase,фраза
pregunta,вопрос
ventana,окно
hombre,мужчина
amigo,друг
playa,пляж
escuela,школа
rápido,быстрый
gato,кот
camisa,рубашка
lento,медленный
canción,песня
película,фильм
coche,машина
estrella,звезда
día,день
canción,песня
palabra,слово
sol,солнце
pantalón,брюки
palabra,слово
estrella,звезда
familia,семья
escuela,школа
pantalón,брюки
casa,дом
lento,медленный
montaña,гора
frase,фраза
rápido,быстрый
estrella,звезда
trabajo,работа
trabajo,работа
mujer,женщина
río,река
día,день
música,музыка
escuela,школа
libro,книга
niño,ребёнок
camino,дорога
ciudad,город
estrella,звезда
noche,ночь
dinero,деньги
pregunta,вопрос
ropa,одежда
mujer,женщина
película,фильм
zapato,туфля
gato,кот
respuesta,ответ
mujer,женщина
camino,дорога
puerta,дверь
amigo,друг
tiempo,время
idioma,язык
sol,солнце
noche,ночь
casa,дом
casa,дом
mar,море
estrella,звезда
perro,собака
bosque,лес
respuesta,ответ
niño,ребёнок
amor,любовь
noche,ночь
amigo,друг
viaje,путешествие
dinero,деньги
lento,медленный
felicidad,счастье
niño,ребёнок
puerta,дверь
mar,море
viaje,путешествие
mar,море
niño,ребёнок
amigo,друг
estrella,звезда
canción,песня
viaje,путешествие
libro,книга
montaña,гора
ropa,одежда
camino,дорога
música,музыка
película,фильм
camisa,рубашка
niño,ребёнок
mujer,женщина
luna,луна
estrella,звезда
viaje,путешествие
río,река
música,музыка
agua,вода
día,день
montaña,гора
palabra,слово
familia,семья
mujer,женщина
canción,песня
felicidad,счастье
coche,машина
playa,пляж
rápido,быстрый
día,день
noche,ночь
bosque,лес
camisa,рубашка
palabra,слово
rápido,быстрый
día,день
canción,песня
escuela,школа
idioma,язык
dinero,деньги
mujer,женщина
luna,луна
montaña,гора
hombre,мужчина
perro,собака
sol,солнце
coche,машина
amor,любовь
montaña,гора
zapato,туфля
amigo,друг
dinero,деньги
agua,вода
tiempo,время
música,музыка
lento,медленный
hombre,мужчина
rápido,быстрый
pantalón,брюки
respuesta,ответ
río,река
amor,любовь
escuela,школа
sol,солнце
amor,любовь
noche,ночь
camisa,рубашка
idioma,язык
música,музыка
puerta,дверь
mar,море
camino,дорога
gato,кот
comida,еда
música,музыка
amor,любовь
gato,кот
casa,дом
camino,дорога
coche,машина
camisa,рубашка
coche,машина
mar,море
lento,медленный
rápido,быстрый
hombre,мужчина
trabajo,работа
día,день
amable,вежливый
comida,еда
noche,ночь
ropa,одежда
puerta,дверь
casa,дом
coche,машина
hombre,мужчина
película,фильм
amable,вежливый
río,река
música,музыка
amigo,друг
tiempo,время
mar,море
coche,машина
camino,дорога
película,фильм
música,музыка
familia,семья
puerta,дверь
escuela,школа
felicidad,счастье
escuela,школа
camisa,рубашка
día,день
luna,луна
comida,еда
mar,море
zapato,туфля
idioma,язык
bosque,лес
dinero,деньги
felicidad,счастье
música,музыка
sol,солнце
luna,луна
hombre,мужчина
libro,книга
trabajo,работа
tiempo,время
tiempo,время
viaje,путешествие
zapato,туфля
canción,песня
día,день
noche,ночь
familia,семья
río,река
respuesta,ответ
familia,семья
lento,медленный
playa,пляж
ciudad,город
felicidad,счастье
luna,луна
música,музыка
escuela,школа
noche,ночь
niño,ребёнок
mar,море
sol,солнце
puerta,дверь
frase,фраза
día,день
amable,вежливый
pregunta,вопрос
dinero,деньги
frase,фраза
felicidad,счастье
bosque,лес
niño,ребёнок
escuela,школа
estrella,звезда
mujer,женщина
mar,море
frase,фраза
trabajo,работа
respuesta,ответ
gato,кот
casa,дом
bosque,лес
respuesta,ответ
tiempo,время
amor,любовь
mujer,женщина
música,музыка
amable,вежливый
palabra,слово
niño,ребёнок
música,музыка
amor,любовь
estrella,звезда
casa,дом
respuesta,ответ
escuela,школа
luna,луна
amable,вежливый
viaje,путешествие
rápido,быстрый
trabajo,работа
coche,машина
mar,море
gato,кот
ventana,окно
mar,море
pregunta,вопрос
noche,ночь
tiempo,время
respuesta,ответ
puerta,дверь
ventana,окно
mujer,женщина
ropa,одежда
playa,пляж
hombre,мужчина
ropa,одежда
frase,фраза
viaje,путешествие
palabra,слово
agua,вода
amable,вежливый
felicidad,счастье
canción,песня
amor,любовь
música,музыка
mujer,женщина
casa,дом
tiempo,время
casa,дом
estrella,звезда
playa,пляж
idioma,язык
familia,семья
ciudad,город
ropa,одежда
casa,дом
coche,машина
ciudad,город
amable,вежливый
amigo,друг
puerta,дверь
zapato,туфля
puerta,дверь
palabra,слово
luna,луна
pregunta,вопрос
tiempo,время
pregunta,вопрос
casa,дом
familia,семья
ropa,одежда
trabajo,работа
bosque,лес
amable,вежливый
sol,солнце
trabajo,работа
libro,книга
respuesta,ответ
estrella,звезда
zapato,туфля
tiempo,время
perro,собака
dinero,деньги
trabajo,работа
zapato,туфля
playa,пляж
estrella,звезда
amable,вежливый
lento,медленный
día,день
dinero,деньги
respuesta,ответ
casa,дом
perro,собака
noche,ночь
playa,пляж
niño,ребёнок
canción,песня
amigo,друг
montaña,гора
camino,дорога
hombre,мужчина
respuesta,ответ
puerta,дверь
mujer,женщина
respuesta,ответ
agua,вода
río,река
montaña,гора
escuela,школа
frase,фраза
tiempo,время
camisa,рубашка
estrella,звезда
canción,песня
estrella,звезда
casa,дом
pregunta,вопрос
gato,кот
coche,машина
amor,любовь
película,фильм
respuesta,ответ
felicidad,счастье
montaña,гора
dinero,деньги
puerta,дверь
río,река
mujer,женщина
canción,песня
viaje,путешествие
gato,кот
perro,собака
casa,дом
bosque,лес
familia,семья
luna,луна
frase,фраза
perro,собака
comida,еда
canción,песня
amigo,друг
lento,медленный
música,музыка
música,музыка
ropa,одежда
camino,дорога
palabra,слово
perro,собака
idioma,язык
lento,медленный
viaje,путешествие
felicidad,счастье
respuesta,ответ
comida,еда
familia,семья
viaje,путешествие
canción,песня
camino,дорога
playa,пляж
frase,фраза
día,день
agua,вода
ciudad,город
frase,фраза
ventana,окно
rápido,быстрый
escuela,школа
pantalón,брюки
respuesta,ответ
frase,фраза
amable,вежливый
tiempo,время
frase,фраза
camisa,рубашка
pregunta,вопрос
amor,любовь
escuela,школа
familia,семья
mar,море
dinero,деньги
ventana,окно
escuela,школа
zapato,туфля
luna,луна
perro,собака
pantalón,брюки
frase,фраза
sol,солнце
idioma,язык
zapato,туфля
camino,дорога
libro,книга
sol,солнце
viaje,путешествие
viaje,путешествие
hombre,мужчина
playa,пляж
amor,любовь
pregunta,вопрос
coche,машина
agua,вода
felicidad,счастье
rápido,быстрый
palabra,слово
mujer,женщина
ropa,одежда
bosque,лес
música,музыка
amor,любовь
playa,пляж
niño,ребёнок
casa,дом
mar,море
camino,дорога
niño,ребёнок
trabajo,работа
pregunta,вопрос
música,музыка
perro,собака
noche,ночь
perro,собака
ropa,одежда
frase,фраза
escuela,школа
zapato,туфля
amor,любовь
felicidad,счастье
bosque,лес
frase,фраза
noche,ночь
camino,дорога
trabajo,работа
perro,собака
niño,ребёнок
amigo,друг
camino,дорога
amigo,друг
trabajo,работа
trabajo,работа
pregunta,вопрос
día,день
ropa,одежда
mujer,женщина
niño,ребёнок
tiempo,время
mujer,женщина
amor,любовь
zapato,туфля
película,фильм
felicidad,счастье
mujer,женщина
playa,пляж
pregunta,вопрос
amor,любовь
canción,песня
camino,дорога
pregunta,вопрос
mujer,женщина
río,река
respuesta,ответ
película,фильм
idioma,язык
puerta,дверь
casa,дом
río,река
camino,дорога
escuela,школа
amigo,друг
sol,солнце
escuela,школа
bosque,лес
luna,луна
película,фильм
sol,солнце
río,река
trabajo,работа
puerta,дверь
comida,еда
luna,луна
mujer,женщина
agua,вода
hombre,мужчина
bosque,лес
luna,луна
playa,пляж
libro,книга
libro,книга
mar,море
amor,любовь
música,музыка
rápido,быстрый
sol,солнце
rápido,быстрый
coche,машина
niño,ребёнок
agua,вода
sol,солнце
felicidad,счастье
palabra,слово
mar,море
lento,медленный
lento,медленный
palabra,слово
película,фильм
noche,ночь
mar,море
casa,дом
viaje,путешествие
camisa,рубашка
bosque,лес
libro,книга
montaña,гора
playa,пляж
familia,семья
gato,кот
amable,вежливый
lento,медленный
mar,море
camisa,рубашка
día,день
río,река
película,фильм
noche,ночь
día,день
perro,собака
amor,любовь
escuela,школа
niño,ребёнок
rápido,быстрый
niño,ребёнок
libro,книга
estrella,звезда
trabajo,работа
ventana,окно
música,музыка
rápido,быстрый
estrella,звезда
trabajo,работа
respuesta,ответ
lento,медленный
mar,море
tiempo,время
día,день
comida,еда
sol,солнце
perro,собака
gato,кот
amable,вежливый
trabajo,работа
mujer,женщина
gato,кот
lento,медленный
mar,море
noche,ночь
río,река
casa,дом
pantalón,брюки
noche,ночь
mujer,женщина
mujer,женщина
rápido,быстрый
libro,книга
gato,кот
dinero,деньги
coche,машина
respuesta,ответ
gato,кот
ciudad,город
palabra,слово
día,день
río,река
felicidad,счастье
niño,ребёнок
rápido,быстрый
niño,ребёнок
gato,кот
felicidad,счастье
libro,книга
viaje,путешествие
respuesta,ответ
río,река
amigo,друг
mujer,женщина
estrella,звезда
mujer,женщина
mar,море
playa,пляж
estrella,звезда
familia,семья
tiempo,время
agua,вода
camino,дорога
familia,семья
familia,семья
ciudad,город
mar,море
día,день
camisa,рубашка
zapato,туфля
idioma,язык
trabajo,работа
camino,дорога
luna,луна
perro,собака
camisa,рубашка
agua,вода
tiempo,время
amigo,друг
sol,солнце
zapato,туфля
trabajo,работа
frase,фраза
hombre,мужчина
luna,луна
sol,солнце
camino,дорога
perro,собака
viaje,путешествие
coche,машина
ventana,окно
respuesta,ответ
montaña,гора
día,день
camisa,рубашка
noche,ночь
agua,вода
puerta,дверь
ventana,окно
trabajo,работа
camisa,рубашка
respuesta,ответ
frase,фраза
amor,любовь
rápido,быстрый
canción,песня
lento,медленный
mar,море
amable,вежливый
noche,ночь
libro,книга
puerta,дверь
felicidad,счастье
tiempo,время
agua,вода
ropa,одежда
coche,машина
frase,фраза
niño,ребёнок
ciudad,город
pregunta,вопрос
frase,фраза
ropa,одежда
luna,луна
viaje,путешествие
idioma,язык
camino,дорога
sol,солнце
trabajo,работа
comida,еда
camino,дорога
frase,фраза
hombre,мужчина
rápido,быстрый
casa,дом
amor,любовь
amor,любовь
camino,дорога
pantalón,брюки
lento,медленный
rápido,быстрый
mar,море
tiempo,время
coche,машина
gato,кот
trabajo,работа
pantalón,брюки
frase,фраза
estrella,звезда
casa,дом
respuesta,ответ
bosque,лес
viaje,путешествие
playa,пляж
niño,ребёнок
trabajo,работа
comida,еда
música,музыка
dinero,деньги
coche,машина
ciudad,город
puerta,дверь
río,река
noche,ночь
película,фильм
comida,еда
perro,собака
libro,книга
rápido,быстрый
familia,семья
bosque,лес
dinero,деньги
frase,фраза
respuesta,ответ
pantalón,брюки
libro,книга
mujer,женщина
canción,песня
canción,песня
río,река
trabajo,работа
canción,песня
mar,море
trabajo,работа
lento,медленный
hombre,мужчина
canción,песня
mar,море
sol,солнце
idioma,язык
río,река
hombre,мужчина
música,музыка
playa,пляж
gato,кот
pregunta,вопрос
amable,вежливый
respuesta,ответ
gato,кот
rápido,быстрый
familia,семья
amor,любовь
idioma,язык
escuela,школа
camisa,рубашка
viaje,путешествие
felicidad,счастье
casa,дом
mujer,женщина
frase,фраза
frase,фраза
amor,любовь
frase,фраза
perro,собака
escuela,школа
familia,семья
puerta,дверь
noche,ночь
mujer,женщина
tiempo,время
viaje,путешествие
zapato,туфля
película,фильм
ropa,одежда
pantalón,брюки
luna,луна
pantalón,брюки
zapato,туфля
gato,кот
camino,дорога
puerta,дверь
camino,дорога
rápido,быстрый
respuesta,ответ
puerta,дверь
ciudad,город
día,день
ciudad,город
lento,медленный
bosque,лес
ventana,окно
película,фильм
casa,дом
comida,еда
bosque,лес
libro,книга
puerta,дверь
hombre,мужчина
dinero,деньги
zapato,туфля
sol,солнце
trabajo,работа
casa,дом
trabajo,работа
camino,дорога
mujer,женщина
pantalón,брюки
noche,ночь
pantalón,брюки
escuela,школа
idioma,язык
libro,книга
camisa,рубашка
respuesta,ответ
película,фильм
bosque,лес
bosque,лес
playa,пляж
camino,дорога
ventana,окно
palabra,слово
libro,книга
río,река
playa,пляж
camino,дорога
camino,дорога
felicidad,счастье
luna,луна
viaje,путешествие
amigo,друг
gato,кот
casa,дом
ciudad,город
respuesta,ответ
mar,море
río,река
estrella,звезда
amor,любовь
bosque,лес
música,музыка
amable,вежливый
playa,пляж
viaje,путешествие
amigo,друг
mujer,женщина
camino,дорога
coche,машина
escuela,школа
libro,книга
comida,еда
comida,еда
frase,фраза
tiempo,время
canción,песня
hombre,мужчина
montaña,гора
frase,фраза
dinero,деньги
idioma,язык
playa,пляж
luna,луна
viaje,путешествие
lento,медленный
viaje,путешествие
ventana,окно
idioma,язык
agua,вода
pregunta,вопрос
canción,песня
amable,вежливый
película,фильм
sol,солнце
luna,луна
trabajo,работа
mujer,женщина
niño,ребёнок
gato,кот
casa,дом
estrella,звезда
pantalón,брюки
respuesta,ответ
perro,собака
ventana,окно
frase,фраза
respuesta,ответ
perro,собака
mar,море
amigo,друг
pregunta,вопрос
mar,море
rápido,быстрый
lento,медленный
montaña,гора
música,музыка
familia,семья
sol,солнце
amigo,друг
coche,машина
perro,собака
libro,книга
montaña,гора
bosque,лес
frase,фраза
libro,книга
coche,машина
playa,пляж
mujer,женщина
coche,машина
casa,дом
estrella,звезда
gato,кот
película,фильм
agua,вода
felicidad,счастье
sol,солнце
amable,вежливый
puerta,дверь
felicidad,счастье
película,фильм
estrella,звезда
montaña,гора
luna,луна
noche,ночь
zapato,туфля
mujer,женщина
estrella,звезда
día,день
noche,ночь
perro,собака
pregunta,вопрос
estrella,звезда
rápido,быстрый
coche,машина
día,день
amor,любовь
pregunta,вопрос
respuesta,ответ
ciudad,город
amable,вежливый
ciudad,город
gato,кот
familia,семья
música,музыка
familia,семья
perro,собака
libro,книга
coche,машина
montaña,гора
luna,луна
río,река
camisa,рубашка
puerta,дверь
tiempo,время
camisa,рубашка
idioma,язык
montaña,гора
niño,ребёнок
familia,семья
sol,солнце
dinero,деньги
perro,собака
ciudad,город
ciudad,город
mujer,женщина
pantalón,брюки
mar,море
agua,вода
coche,машина
amable,вежливый
música,музыка
canción,песня
pregunta,вопрос
amable,вежливый
zapato,туфля
bosque,лес
mar,море
pantalón,брюки
comida,еда
idioma,язык
perro,собака
tiempo,время
noche,ночь
hombre,мужчина
coche,машина
sol,солнце
agua,вода
familia,семья
noche,ночь
ciudad,город
niño,ребёнок
camino,дорога
hombre,мужчина
casa,дом
día,день
película,фильм
casa,дом
estrella,звезда
amor,любовь
camino,дорога
idioma,язык
canción,песня
felicidad,счастье
música,музыка
camisa,рубашка
canción,песня
comida,еда
lento,медленный
gato,кот
casa,дом
casa,дом
música,музыка
mar,море
estrella,звезда
película,фильм
zapato,туфля
ciudad,город
ciudad,город
canción,песня
ventana,окно
amor,любовь
luna,луна
canción,песня
perro,собака
camino,дорога
respuesta,ответ
niño,ребёнок
comida,еда
tiempo,время
felicidad,счастье
playa,пляж
puerta,дверь
niño,ребёнок
perro,собака
película,фильм
música,музыка
estrella,звезда
río,река
viaje,путешествие
rápido,быстрый
pregunta,вопрос
trabajo,работа
niño,ребёнок
camino,дорога
gato,кот
dinero,деньги
dinero,деньги
pregunta,вопрос
libro,книга
familia,семья
lento,медленный
bosque,лес
noche,ночь
ventana,окно
escuela,школа
coche,машина
playa,пляж
camisa,рубашка
mar,море
pantalón,брюки
playa,пляж
día,день
amable,вежливый
amable,вежливый
coche,машина
amor,любовь
perro,собака
familia,семья
trabajo,работа
montaña,гора
frase,фраза
pregunta,вопрос
escuela,школа
estrella,звезда
lento,медленный
lento,медленный
frase,фраза
agua,вода
tiempo,время
noche,ночь
zapato,туфля
luna,луна
luna,луна
pantalón,брюки
coche,машина
zapato,туфля
sol,солнце
luna,луна
ventana,окно
ventana,окно
puerta,дверь
noche,ночь
lento,медленный
tiempo,время
amigo,друг
ropa,одежда
perro,собака
lento,медленный
playa,пляж
bosque,лес
ventana,окно
amigo,друг
montaña,гора
montaña,гора
música,музыка
ropa,одежда
frase,фраза
rápido,быстрый
idioma,язык
libro,книга
película,фильм
luna,луна
ciudad,город
amor,любовь
perro,собака
agua,вода
playa,пляж
libro,книга
agua,вода
comida,еда
lento,медленный
lento,медленный
playa,пляж
día,день
ventana,окно
escuela,школа
estrella,звезда
dinero,деньги
palabra,слово
canción,песня
palabra,слово
ventana,окно
dinero,деньги
camino,дорога
ropa,одежда
amor,любовь
amable,вежливый
bosque,лес
playa,пляж
río,река
pregunta,вопрос
noche,ночь
amor,любовь
palabra,слово
ropa,одежда
trabajo,работа
camino,дорога
amigo,друг
sol,солнце
canción,песня
amable,вежливый
dinero,деньги
zapato,туфля
comida,еда
canción,песня
estrella,звезда
familia,семья
sol,солнце
viaje,путешествие
pregunta,вопрос
amable,вежливый
lento,медленный
rápido,быстрый
familia,семья
comida,еда
amigo,друг
montaña,гора
pregunta,вопрос
palabra,слово
niño,ребёнок
palabra,слово
camisa,рубашка
palabra,слово
mar,море
zapato,туфля
playa,пляж
mujer,женщина
amor,любовь
camisa,рубашка
amor,любовь
mar,море
zapato,туфля
niño,ребёнок
niño,ребёнок
noche,ночь
libro,книга
perro,собака
amable,вежливый
lento,медленный
agua,вода
luna,луна
zapato,туфля
canción,песня
familia,семья
libro,книга
amigo,друг
estrella,звезда
rápido,быстрый
amable,вежливый
niño,ребёнок
frase,фраза
dinero,деньги
hombre,мужчина
viaje,путешествие
niño,ребёнок
canción,песня
camisa,рубашка
camisa,рубашка
camino,дорога
hombre,мужчина
noche,ночь
estrella,звезда
trabajo,работа
zapato,туфля
noche,ночь
lento,медленный
amable,вежливый
película,фильм
gato,кот
coche,машина
niño,ребёнок
rápido,быстрый
música,музыка
ciudad,город
playa,пляж
comida,еда
coche,машина
idioma,язык
montaña,гора
playa,пляж
música,музыка
amor,любовь
sol,солнце
coche,машина
libro,книга
ciudad,город
respuesta,ответ
familia,семья
mujer,женщина
noche,ночь
trabajo,работа
montaña,гора
viaje,путешествие
estrella,звезда
bosque,лес
frase,фраза
pregunta,вопрос
montaña,гора
rápido,быстрый
hombre,мужчина
mujer,женщина
zapato,туфля
casa,дом
luna,луна
viaje,путешествие
pantalón,брюки
película,фильм
pantalón,брюки
ciudad,город
zapato,туфля
música,музыка
día,день
zapato,туфля
ciudad,город
lento,медленный
viaje,путешествие
comida,еда
playa,пляж
palabra,слово
perro,собака
ropa,одежда
ciudad,город
amigo,друг
felicidad,счастье
palabra,слово
gato,кот
respuesta,ответ
mujer,женщина
bosque,лес
pregunta,вопрос
luna,луна
tiempo,время
montaña,гора
camisa,рубашка
comida,еда
ropa,одежда
gato,кот
pregunta,вопрос
niño,ребёнок
puerta,дверь
canción,песня
bosque,лес
frase,фраза
película,фильм
coche,машина
amable,вежливый
estrella,звезда
viaje,путешествие
camisa,рубашка
frase,фраза
trabajo,работа
sol,солнце
luna,луна
agua,вода
canción,песня
día,день
estrella,звезда
pantalón,брюки
montaña,гора
frase,фраза
agua,вода
perro,собака
camino,дорога
montaña,гора
niño,ребёнок
camino,дорога
lento,медленный
trabajo,работа
río,река
amable,вежливый
dinero,деньги
palabra,слово
comida,еда
coche,машина
felicidad,счастье
pantalón,брюки
amable,вежливый
trabajo,работа
zapato,туфля
frase,фраза
familia,семья
mujer,женщина
amable,вежливый
rápido,быстрый
frase,фраза
comida,еда
agua,вода
playa,пляж
viaje,путешествие
amigo,друг
puerta,дверь
zapato,туфля
pregunta,вопрос
casa,дом
tiempo,время
ciudad,город
idioma,язык
camino,дорога
trabajo,работа
pregunta,вопрос
libro,книга
hombre,мужчина
perro,собака
mujer,женщина
escuela,школа
zapato,туфля
sol,солнце
perro,собака
mar,море
hombre,мужчина
idioma,язык
viaje,путешествие
camisa,рубашка
camino,дорога
mujer,женщина
tiempo,время
hombre,мужчина
playa,пляж
zapato,туфля
felicidad,счастье
viaje,путешествие
hombre,мужчина
respuesta,ответ
pregunta,вопрос
respuesta,ответ
camisa,рубашка
tiempo,время
libro,книга
escuela,школа
música,музыка
comida,еда
ciudad,город
agua,вода
bosque,лес
camino,дорога
mar,море
amigo,друг
palabra,слово
pregunta,вопрос
hombre,мужчина
mar,море
música,музыка
gato,кот
montaña,гора
mar,море
frase,фраза
mar,море
agua,вода
ciudad,город
comida,еда
mujer,женщина
amor,любовь
idioma,язык
respuesta,ответ
coche,машина
puerta,дверь
felicidad,счастье
playa,пляж
casa,дом
comida,еда
río,река
ciudad,город
luna,луна
familia,семья
dinero,деньги
palabra,слово
tiempo,время
ropa,одежда
montaña,гора
sol,солнце
ventana,окно
perro,собака
día,день
agua,вода
ciudad,город
gato,кот
ventana,окно
mar,море
música,музыка
puerta,дверь
ventana,окно
frase,фраза
comida,еда
idioma,язык
viaje,путешествие
estrella,звезда
frase,фраза
día,день
amor,любовь
pantalón,брюки
pregunta,вопрос
niño,ребёнок
puerta,дверь
puerta,дверь
familia,семья
canción,песня
playa,пляж
pregunta,вопрос
amable,вежливый
felicidad,счастье
amor,любовь
amor,любовь
gato,кот
playa,пляж
amable,вежливый
lento,медленный
río,река
casa,дом
idioma,язык
ropa,одежда
hombre,мужчина
agua,вода
día,день
sol,солнце
felicidad,счастье
comida,еда
trabajo,работа
película,фильм
montaña,гора
escuela,школа
respuesta,ответ
hombre,мужчина
trabajo,работа
rápido,быстрый
amable,вежливый
pregunta,вопрос
río,река
perro,собака
película,фильм
viaje,путешествие
lento,медленный
comida,еда
ventana,окно
pantalón,брюки
luna,луна
trabajo,работа
camisa,рубашка
puerta,дверь
bosque,лес
pantalón,брюки
zapato,туфля
sol,солнце
canción,песня
viaje,путешествие
comida,еда
luna,луна
sol,солнце
ciudad,город
mar,море
casa,дом
mar,море
frase,фраза
dinero,деньги
amigo,друг
amigo,друг
camino,дорога
frase,фраза
comida,еда
niño,ребёнок
perro,собака
escuela,школа
mar,море
frase,фраза
coche,машина
noche,ночь
canción,песня
montaña,гора
canción,песня
coche,машина
playa,пляж
película,фильм
palabra,слово
ciudad,город
amigo,друг
casa,дом
pantalón,брюки
respuesta,ответ
respuesta,ответ
felicidad,счастье
rápido,быстрый
zapato,туфля
ciudad,город
pantalón,брюки
canción,песня
agua,вода
gato,кот
ventana,окно
respuesta,ответ
amor,любовь
hombre,мужчина
escuela,школа
idioma,язык
viaje,путешествие
viaje,путешествие
niño,ребёнок
luna,луна
mujer,женщина
música,музыка
amigo,друг
película,фильм
bosque,лес
hombre,мужчина
pregunta,вопрос
comida,еда
hombre,мужчина
felicidad,счастье
viaje,путешествие
rápido,быстрый
frase,фраза
pantalón,брюки
día,день
pregunta,вопрос
pantalón,брюки
amable,вежливый
coche,машина
escuela,школа
libro,книга
noche,ночь
rápido,быстрый
casa,дом
coche,машина
pregunta,вопрос
pregunta,вопрос
agua,вода
palabra,слово
lento,медленный
estrella,звезда
pregunta,вопрос
zapato,туфля
mar,море
zapato,туфля
felicidad,счастье
música,музыка
perro,собака
canción,песня
niño,ребёнок
libro,книга
ciudad,город
camisa,рубашка
zapato,туфля
gato,кот
familia,семья
luna,луна
lento,медленный
mujer,женщина
mar,море
dinero,деньги
rápido,быстрый
perro,собака
camino,дорога
casa,дом
ciudad,город
luna,луна
hombre,мужчина
estrella,звезда
casa,дом
playa,пляж
camisa,рубашка
amable,вежливый
agua,вода
música,музыка
mujer,женщина
estrella,звезда
luna,луна
camino,дорога
felicidad,счастье
ventana,окно
camino,дорога
ciudad,город
playa,пляж
camino,дорога
playa,пляж
zapato,туфля
hombre,мужчина
gato,кот
luna,луна
amor,любовь
hombre,мужчина
estrella,звезда
rápido,быстрый
felicidad,счастье
escuela,школа
casa,дом
río,река
respuesta,ответ
amor,любовь
rápido,быстрый
comida,еда
canción,песня
niño,ребёнок
viaje,путешествие
viaje,путешествие
pregunta,вопрос
ropa,одежда
noche,ночь
trabajo,работа
hombre,мужчина
puerta,дверь
música,музыка
libro,книга
trabajo,работа
escuela,школа
día,день
río,река
bosque,лес
lento,медленный
montaña,гора
niño,ребёнок
música,музыка
dinero,деньги
perro,собака
camino,дорога
canción,песня
puerta,дверь
música,музыка
mar,море
palabra,слово
perro,собака
hombre,мужчина
lento,медленный
ciudad,город
noche,ночь
camisa,рубашка
ropa,одежда
amigo,друг
mujer,женщина
zapato,туфля
amigo,друг
lento,медленный
película,фильм
libro,книга
hombre,мужчина
río,река
rápido,быстрый
mujer,женщина
familia,семья
gato,кот
comida,еда
puerta,дверь
coche,машина
amable,вежливый
camino,дорога
zapato,туфля
pantalón,брюки
escuela,школа
pregunta,вопрос
rápido,быстрый
amable,вежливый
trabajo,работа
ropa,одежда
mar,море
trabajo,работа
playa,пляж
libro,книга
hombre,мужчина
idioma,язык
agua,вода
trabajo,работа
gato,кот
amor,любовь
perro,собака
dinero,деньги
noche,ночь
camino,дорога
ropa,одежда
palabra,слово
mujer,женщина
sol,солнце
tiempo,время
amigo,друг
camino,дорога
tiempo,время
viaje,путешествие
perro,собака
mar,море
felicidad,счастье
río,река
ropa,одежда
noche,ночь
amor,любовь
camisa,рубашка
ciudad,город
hombre,мужчина
amigo,друг
puerta,дверь
frase,фраза
zapato,туфля
rápido,быстрый
coche,машина
música,музыка
escuela,школа
felicidad,счастье
música,музыка
día,день
tiempo,время
perro,собака
rápido,быстрый
perro,собака
camino,дорога
libro,книга
tiempo,время
canción,песня
estrella,звезда
respuesta,ответ
lento,медленный
pregunta,вопрос
sol,солнце
ropa,одежда
trabajo,работа
viaje,путешествие
palabra,слово
gato,кот
ropa,одежда
comida,еда
palabra,слово
agua,вода
música,музыка
hombre,мужчина
pantalón,брюки
película,фильм
agua,вода
rápido,быстрый
gato,кот
mujer,женщина
sol,солнце
bosque,лес
gato,кот
rápido,быстрый
pregunta,вопрос
coche,машина
niño,ребёнок
pregunta,вопрос
ciudad,город
mujer,женщина
puerta,дверь
rápido,быстрый
idioma,язык
playa,пляж
ventana,окно
agua,вода
frase,фраза
amigo,друг
perro,собака
película,фильм
amor,любовь
comida,еда
pregunta,вопрос
montaña,гора
río,река
camino,дорога
camino,дорога
niño,ребёнок
camisa,рубашка
película,фильм
pantalón,брюки
tiempo,время
viaje,путешествие
playa,пляж
mar,море
camisa,рубашка
noche,ночь
sol,солнце
idioma,язык
trabajo,работа
rápido,быстрый
canción,песня
puerta,дверь
viaje,путешествие
hombre,мужчина
rápido,быстрый
perro,собака
amigo,друг
mar,море
música,музыка
rápido,быстрый
familia,семья
montaña,гора
amor,любовь
ropa,одежда
perro,собака
dinero,деньги
gato,кот
amor,любовь
casa,дом
familia,семья
mujer,женщина
frase,фраза
camino,дорога
bosque,лес
bosque,лес
hombre,мужчина
coche,машина
respuesta,ответ
canción,песня
coche,машина
ropa,одежда
amigo,друг
película,фильм
agua,вода
pregunta,вопрос
coche,машина
agua,вода
escuela,школа
palabra,слово
mar,море
perro,собака
mujer,женщина
frase,фраза
niño,ребёнок
canción,песня
escuela,школа
familia,семья
libro,книга
camino,дорога
escuela,школа
pantalón,брюки
lento,медленный
libro,книга
estrella,звезда
tiempo,время
rápido,быстрый
felicidad,счастье
amor,любовь
playa,пляж
agua,вода
perro,собака
casa,дом
canción,песня
pantalón,брюки
viaje,путешествие
amor,любовь
casa,дом
día,день
camino,дорога
película,фильм
ciudad,город
escuela,школа
mujer,женщина
playa,пляж
familia,семья
ropa,одежда
escuela,школа
pantalón,брюки
bosque,лес
trabajo,работа
día,день
libro,книга
tiempo,время
felicidad,счастье
amable,вежливый
ropa,одежда
familia,семья
rápido,быстрый
noche,ночь
libro,книга
montaña,гора
coche,машина
hombre,мужчина
playa,пляж
pantalón,брюки
ropa,одежда
ciudad,город
camisa,рубашка
río,река
idioma,язык
día,день
día,день
amigo,друг
respuesta,ответ
rápido,быстрый
respuesta,ответ
canción,песня
escuela,школа
película,фильм
pantalón,брюки
amor,любовь
noche,ночь
frase,фраза
película,фильм
agua,вода
familia,семья
gato,кот
zapato,туфля
agua,вода
mujer,женщина
puerta,дверь
sol,солнце
montaña,гора
sol,солнце
pregunta,вопрос
película,фильм
playa,пляж
noche,ночь
comida,еда
niño,ребёнок
coche,машина
trabajo,работа
felicidad,счастье
escuela,школа
felicidad,счастье
noche,ночь
palabra,слово
dinero,деньги
ventana,окно
rápido,быстрый
ciudad,город
mujer,женщина
familia,семья
palabra,слово
mar,море
tiempo,время
camino,дорога
gato,кот
zapato,туфля
mujer,женщина
canción,песня
hombre,мужчина
película,фильм
frase,фраза
agua,вода
coche,машина
escuela,школа
lento,медленный
respuesta,ответ
camino,дорога
comida,еда
casa,дом
coche,машина
comida,еда
sol,солнце
idioma,язык
montaña,гора
pregunta,вопрос
tiempo,время
idioma,язык
camino,дорога
amor,любовь
camino,дорога
río,река
comida,еда
camisa,рубашка
bosque,лес
rápido,быстрый
sol,солнце
película,фильм
respuesta,ответ
frase,фраза
sol,солнце
estrella,звезда
escuela,школа
lento,медленный
amigo,друг
frase,фраза
felicidad,счастье
coche,машина
montaña,гора
palabra,слово
ventana,окно
río,река
amable,вежливый
camino,дорога
trabajo,работа
comida,еда
puerta,дверь
puerta,дверь
película,фильм
río,река
ventana,окно
trabajo,работа
perro,собака
canción,песня
frase,фраза
lento,медленный
trabajo,работа
camino,дорога
amable,вежливый
respuesta,ответ
amor,любовь
ropa,одежда
hombre,мужчина
montaña,гора
idioma,язык
lento,медленный
niño,ребёнок
montaña,гора
coche,машина
respuesta,ответ
escuela,школа
luna,луна
comida,еда
río,река
tiempo,время
trabajo,работа
perro,собака
zapato,туфля
río,река
música,музыка
libro,книга
palabra,слово
escuela,школа
respuesta,ответ
día,день
ciudad,город
noche,ночь
amor,любовь
coche,машина
camisa,рубашка
amigo,друг
respuesta,ответ
hombre,мужчина
camisa,рубашка
escuela,школа
camisa,рубашка
estrella,звезда
agua,вода
ventana,окно
ventana,окно
comida,еда
ciudad,город
película,фильм
ventana,окно
tiempo,время
libro,книга
ciudad,город
tiempo,время
ventana,окно
felicidad,счастье
familia,семья
puerta,дверь
casa,дом
estrella,звезда
luna,луна
agua,вода
camino,дорога
noche,ночь
tiempo,время
amor,любовь
zapato,туфля
canción,песня
familia,семья
sol,солнце
dinero,деньги
ciudad,город
música,музыка
ciudad,город
lento,медленный
camisa,рубашка
escuela,школа
amable,вежливый
familia,семья
dinero,деньги
dinero,деньги
película,фильм
coche,машина
lento,медленный
ropa,одежда
gato,кот
casa,дом
camisa,рубашка
playa,пляж
trabajo,работа
familia,семья
respuesta,ответ
agua,вода
coche,машина
luna,луна
coche,машина
música,музыка
coche,машина
coche,машина
tiempo,время
idioma,язык
familia,семья
amable,вежливый
trabajo,работа
bosque,лес
lento,медленный
frase,фраза
pregunta,вопрос
playa,пляж
idioma,язык
luna,луна
libro,книга
noche,ночь
palabra,слово
coche,машина
película,фильм
canción,песня
noche,ночь
camino,дорога
escuela,школа
mujer,женщина
hombre,мужчина
viaje,путешествие
pantalón,брюки
playa,пляж
palabra,слово
amigo,друг
agua,вода
trabajo,работа
familia,семья
ventana,окно
coche,машина
montaña,гора
puerta,дверь
comida,еда
trabajo,работа
lento,медленный
perro,собака
casa,дом
trabajo,работа
música,музыка
frase,фраза
dinero,деньги
escuela,школа
puerta,дверь
puerta,дверь
luna,луна
comida,еда
hombre,мужчина
canción,песня
casa,дом
bosque,лес
sol,солнце
bosque,лес
bosque,лес
ciudad,город
libro,книга
idioma,язык
viaje,путешествие
felicidad,счастье
familia,семья
zapato,туфля
ventana,окно
perro,собака
lento,медленный
playa,пляж
agua,вода
mujer,женщина
montaña,гора
pantalón,брюки
camisa,рубашка
tiempo,время
casa,дом
río,река
zapato,туфля
trabajo,работа
niño,ребёнок
ventana,окно
mujer,женщина
río,река
día,день
canción,песня
familia,семья
perro,собака
puerta,дверь
lento,медленный
luna,луна
noche,ночь
película,фильм
rápido,быстрый
zapato,туфля
playa,пляж
tiempo,время
sol,солнце
niño,ребёнок
familia,семья
trabajo,работа
ropa,одежда
amigo,друг
luna,луна
playa,пляж
felicidad,счастье
puerta,дверь
mar,море
amigo,друг
perro,собака
luna,луна
playa,пляж
familia,семья
camino,дорога
camino,дорога
bosque,лес
idioma,язык
mujer,женщина
trabajo,работа
amigo,друг
agua,вода
palabra,слово
bosque,лес
rápido,быстрый
rápido,быстрый
amigo,друг
mujer,женщина
felicidad,счастье
libro,книга
respuesta,ответ
rápido,быстрый
día,день
noche,ночь
mujer,женщина
zapato,туфля
canción,песня
libro,книга
libro,книга
puerta,дверь
noche,ночь
playa,пляж
dinero,деньги
familia,семья
río,река
canción,песня
ciudad,город
hombre,мужчина
niño,ребёнок
playa,пляж
comida,еда
amable,вежливый
ropa,одежда
respuesta,ответ
respuesta,ответ
puerta,дверь
mujer,женщина
rápido,быстрый
estrella,звезда
perro,собака
frase,фраза
familia,семья
camino,дорога
casa,дом
canción,песня
coche,машина
luna,луна
amor,любовь
ropa,одежда
día,день
familia,семья
mar,море
luna,луна
pregunta,вопрос
rápido,быстрый
noche,ночь
zapato,туфля
felicidad,счастье
familia,семья
amor,любовь
perro,собака
lento,медленный
ciudad,город
canción,песня
perro,собака
trabajo,работа
viaje,путешествие
camisa,рубашка
playa,пляж
coche,машина
amor,любовь
lento,медленный
gato,кот
amor,любовь
música,музыка
río,река
coche,машина
estrella,звезда
rápido,быстрый
agua,вода
ciudad,город
río,река
bosque,лес
felicidad,счастье
ciudad,город
lento,медленный
libro,книга
luna,луна
tiempo,время
rápido,быстрый
respuesta,ответ
sol,солнце
felicidad,счастье
ventana,окно
río,река
ciudad,город
noche,ночь
felicidad,счастье
montaña,гора
mujer,женщина
niño,ребёнок
zapato,туфля
coche,машина
montaña,гора
perro,собака
día,день
amable,вежливый
escuela,школа
frase,фраза
camisa,рубашка
ciudad,город
niño,ребёнок
casa,дом
agua,вода
montaña,гора
ropa,одежда
mar,море
luna,луна
estrella,звезда
bosque,лес
ventana,окно
amigo,друг
luna,луна
rápido,быстрый
pantalón,брюки
ropa,одежда
río,река
hombre,мужчина
gato,кот
perro,собака
amable,вежливый
niño,ребёнок
lento,медленный
música,музыка
palabra,слово
ventana,окно
felicidad,счастье
mar,море
dinero,деньги
mujer,женщина
tiempo,время
libro,книга
agua,вода
coche,машина
río,река
coche,машина
comida,еда
camino,дорога
coche,машина
mar,море
viaje,путешествие
casa,дом
frase,фраза
pantalón,брюки
tiempo,время
canción,песня
luna,луна
río,река
palabra,слово
respuesta,ответ
lento,медленный
mujer,женщина
puerta,дверь
respuesta,ответ
idioma,язык
música,музыка
playa,пляж
zapato,туфля
ropa,одежда
agua,вода
río,река
escuela,школа
día,день
comida,еда
río,река
frase,фраза
rápido,быстрый
noche,ночь
mujer,женщина
escuela,школа
puerta,дверь
ventana,окно
puerta,дверь
lento,медленный
casa,дом
pregunta,вопрос
música,музыка
amor,любовь
amor,любовь
palabra,слово
dinero,деньги
música,музыка
familia,семья
gato,кот
dinero,деньги
palabra,слово
escuela,школа
frase,фраза
camisa,рубашка
comida,еда
lento,медленный
viaje,путешествие
amor,любовь
mar,море
mujer,женщина
comida,еда
viaje,путешествие
tiempo,время
bosque,лес
canción,песня
viaje,путешествие
zapato,туфля
amor,любовь
zapato,туфля
ropa,одежда
mar,море
agua,вода
mujer,женщина
ropa,одежда
lento,медленный
casa,дом
película,фильм
camisa,рубашка
viaje,путешествие
rápido,быстрый
mar,море
amor,любовь
música,музыка
gato,кот
hombre,мужчина
idioma,язык
montaña,гора
noche,ночь
familia,семья
idioma,язык
casa,дом
familia,семья
estrella,звезда
agua,вода
ropa,одежда
lento,медленный
camino,дорога
hombre,мужчина
casa,дом
ropa,одежда
hombre,мужчина
ropa,одежда
comida,еда
bosque,лес
ventana,окно
película,фильм
niño,ребёнок
sol,солнце
agua,вода
película,фильм
frase,фраза
amable,вежливый
montaña,гора
hombre,мужчина
playa,пляж
camino,дорога
mar,море
libro,книга
agua,вода
idioma,язык
amigo,друг
idioma,язык
lento,медленный
estrella,звезда
canción,песня
estrella,звезда
amigo,друг
camisa,рубашка
montaña,гора
ventana,окно
amor,любовь
canción,песня
película,фильм
familia,семья
hombre,мужчина
camisa,рубашка
ventana,окно
casa,дом
ventana,окно
idioma,язык
zapato,туфля
dinero,деньги
amor,любовь
sol,солнце
coche,машина
comida,еда
niño,ребёнок
rápido,быстрый
estrella,звезда
mujer,женщина
ropa,одежда
película,фильм
gato,кот
familia,семья
comida,еда
niño,ребёнок
mar,море
noche,ночь
noche,ночь
bosque,лес
casa,дом
casa,дом
pantalón,брюки
tiempo,время
lento,медленный
agua,вода
perro,собака
frase,фраза
rápido,быстрый
puerta,дверь
escuela,школа
montaña,гора
zapato,туфля
playa,пляж
pregunta,вопрос
noche,ночь
película,фильм
lento,медленный
amable,вежливый
libro,книга
pregunta,вопрос
mar,море
felicidad,счастье
perro,собака
música,музыка
dinero,деньги
ropa,одежда
río,река
escuela,школа
sol,солнце
playa,пляж
música,музыка
luna,луна
día,день
noche,ночь
agua,вода
estrella,звезда
tiempo,время
felicidad,счастье
música,музыка
luna,луна
respuesta,ответ
casa,дом
rápido,быстрый
coche,машина
lento,медленный
familia,семья
mujer,женщина
libro,книга
tiempo,время
dinero,деньги
música,музыка
bosque,лес
mar,море
lento,медленный
amor,любовь
dinero,деньги
estrella,звезда
niño,ребёнок
amor,любовь
rápido,быстрый
agua,вода
familia,семья
escuela,школа
casa,дом
frase,фраза
lento,медленный
playa,пляж
estrella,звезда
luna,луна
agua,вода
trabajo,работа
perro,собака
ventana,окно
camisa,рубашка
respuesta,ответ
pantalón,брюки
música,музыка
zapato,туфля
hombre,мужчина
estrella,звезда
montaña,гора
montaña,гора
comida,еда
ropa,одежда
ropa,одежда
pantalón,брюки
río,река
ropa,одежда
ciudad,город
película,фильм
hombre,мужчина
ciudad,город
luna,луна
niño,ребёнок
libro,книга
pantalón,брюки
amigo,друг
familia,семья
mujer,женщина
tiempo,время
sol,солнце
ventana,окно
río,река
comida,еда
comida,еда
pantalón,брюки
perro,собака
amor,любовь
gato,кот
música,музыка
estrella,звезда
bosque,лес
camino,дорога
dinero,деньги
familia,семья
pregunta,вопрос
tiempo,время
puerta,дверь
tiempo,время
amigo,друг
casa,дом
mar,море
viaje,путешествие
bosque,лес
zapato,туфля
ventana,окно
familia,семья
mujer,женщина
bosque,лес
palabra,слово
lento,медленный
felicidad,счастье
agua,вода
día,день
frase,фраза
agua,вода
día,день
trabajo,работа
puerta,дверь
felicidad,счастье
idioma,язык
amable,вежливый
amigo,друг
sol,солнце
playa,пляж
ciudad,город
camisa,рубашка
amigo,друг
amigo,друг
comida,еда
música,музыка
zapato,туфля
libro,книга
coche,машина
niño,ребёнок
felicidad,счастье
camisa,рубашка
casa,дом
tiempo,время
estrella,звезда
familia,семья
respuesta,ответ
niño,ребёнок
niño,ребёнок
familia,семья
música,музыка
idioma,язык
respuesta,ответ
idioma,язык
río,река
sol,солнце
gato,кот
zapato,туфля
dinero,деньги
camino,дорога
lento,медленный
mujer,женщина
zapato,туфля
zapato,туфля
canción,песня
montaña,гора
estrella,звезда
comida,еда
trabajo,работа
respuesta,ответ
canción,песня
amable,вежливый
canción,песня
niño,ребёнок
viaje,путешествие
amor,любовь
bosque,лес
coche,машина
agua,вода
perro,собака
ventana,окно
felicidad,счастье
zapato,туфля
trabajo,работа
lento,медленный
mar,море
mujer,женщина
casa,дом
escuela,школа
playa,пляж
ciudad,город
ventana,окно
libro,книга
amable,вежливый
estrella,звезда
mujer,женщина
amigo,друг
estrella,звезда
amigo,друг
amigo,друг
puerta,дверь
mar,море
zapato,туфля
zapato,туфля
ventana,окно
noche,ночь
amable,вежливый
pantalón,брюки
hombre,мужчина
puerta,дверь
ventana,окно
escuela,школа
zapato,туфля
pantalón,брюки
puerta,дверь
agua,вода
noche,ночь
pregunta,вопрос
estrella,звезда
camino,дорога
coche,машина
mujer,женщина
perro,собака
luna,луна
puerta,дверь
estrella,звезда
gato,кот
zapato,туфля
día,день
montaña,гора
montaña,гора
zapato,туфля
amable,вежливый
camisa,рубашка
tiempo,время
bosque,лес
perro,собака
casa,дом
sol,солнце
ropa,одежда
película,фильм
agua,вода
canción,песня
mar,море
mujer,женщина
amor,любовь
estrella,звезда
palabra,слово
respuesta,ответ
agua,вода
amable,вежливый
niño,ребёнок
bosque,лес
escuela,школа
mar,море
amor,любовь
camino,дорога
mujer,женщина
comida,еда
palabra,слово
ventana,окно
amigo,друг
ropa,одежда
escuela,школа
rápido,быстрый
canción,песня
pantalón,брюки
libro,книга
sol,солнце
playa,пляж
música,музыка
respuesta,ответ
libro,книга
familia,семья
rápido,быстрый
camino,дорога
viaje,путешествие
bosque,лес
amigo,друг
sol,солнце
dinero,деньги
coche,машина
ciudad,город
respuesta,ответ
rápido,быстрый
gato,кот
casa,дом
niño,ребёнок
pantalón,брюки
música,музыка
rápido,быстрый
película,фильм
viaje,путешествие
pantalón,брюки
estrella,звезда
zapato,туфля
luna,луна
canción,песня
ropa,одежда
película,фильм
gato,кот
montaña,гора
bosque,лес
escuela,школа
escuela,школа
zapato,туфля
felicidad,счастье
ropa,одежда
libro,книга
comida,еда
tiempo,время
música,музыка
viaje,путешествие
dinero,деньги
lento,медленный
perro,собака
estrella,звезда
perro,собака
puerta,дверь
montaña,гора
pregunta,вопрос
felicidad,счастье
familia,семья
zapato,туфля
gato,кот
libro,книга
respuesta,ответ
casa,дом
coche,машина
música,музыка
niño,ребёнок
río,река
ropa,одежда
respuesta,ответ
lento,медленный
bosque,лес
palabra,слово
idioma,язык
respuesta,ответ
ventana,окно
noche,ночь
trabajo,работа
música,музыка
niño,ребёнок
hombre,мужчина
perro,собака
mar,море
pantalón,брюки
perro,собака
pantalón,брюки
río,река
lento,медленный
luna,луна
música,музыка
rápido,быстрый
ventana,окно
niño,ребёнок
rápido,быстрый
niño,ребёнок
mar,море
felicidad,счастье
libro,книга
camino,дорога
sol,солнце
perro,собака
ciudad,город
sol,солнце
familia,семья
lento,медленный
música,музыка
coche,машина
felicidad,счастье
pantalón,брюки
agua,вода
amigo,друг
dinero,деньги
lento,медленный
camino,дорога
perro,собака
lento,медленный
felicidad,счастье
lento,медленный
tiempo,время
playa,пляж
luna,луна
ventana,окно
respuesta,ответ
amable,вежливый
comida,еда
canción,песня
amable,вежливый
tiempo,время
escuela,школа
pregunta,вопрос
amable,вежливый
camisa,рубашка
música,музыка
gato,кот
camisa,рубашка
escuela,школа
perro,собака
libro,книга
frase,фраза
comida,еда
bosque,лес
película,фильм
felicidad,счастье
lento,медленный
felicidad,счастье
música,музыка
ventana,окно
ropa,одежда
casa,дом
felicidad,счастье
luna,луна
bosque,лес
escuela,школа
trabajo,работа
montaña,гора
coche,машина
película,фильм
mar,море
estrella,звезда
lento,медленный
mujer,женщина
camisa,рубашка
sol,солнце
perro,собака
respuesta,ответ
lento,медленный
noche,ночь
día,день
río,река
pantalón,брюки
escuela,школа
viaje,путешествие
comida,еда
perro,собака
zapato,туфля
amigo,друг
playa,пляж
bosque,лес
película,фильм
amable,вежливый
comida,еда
familia,семья
película,фильм
pregunta,вопрос
camino,дорога
trabajo,работа
respuesta,ответ
comida,еда
trabajo,работа
pregunta,вопрос
comida,еда
perro,собака
pregunta,вопрос
libro,книга
pantalón,брюки
felicidad,счастье
amor,любовь
ropa,одежда
coche,машина
mar,море
escuela,школа
música,музыка
ventana,окно
ciudad,город
comida,еда
sol,солнце
camisa,рубашка
amor,любовь
sol,солнце
comida,еда
tiempo,время
playa,пляж
camisa,рубашка
agua,вода
playa,пляж
música,музыка
película,фильм
playa,пляж
ropa,одежда
canción,песня
película,фильм
perro,собака
trabajo,работа
viaje,путешествие
luna,луна
coche,машина
pregunta,вопрос
casa,дом
perro,собака
agua,вода
película,фильм
camisa,рубашка
río,река
amable,вежливый
escuela,школа
río,река
trabajo,работа
frase,фраза
respuesta,ответ
idioma,язык
zapato,туфля
pregunta,вопрос
respuesta,ответ
mar,море
coche,машина
ventana,окно
camisa,рубашка
tiempo,время
lento,медленный
ventana,окно
noche,ночь
día,день
respuesta,ответ
viaje,путешествие
sol,солнце
bosque,лес
ventana,окно
idioma,язык
bosque,лес
puerta,дверь
sol,солнце
montaña,гора
niño,ребёнок
camino,дорога
viaje,путешествие
ciudad,город
canción,песня
amigo,друг
estrella,звезда
trabajo,работа
playa,пляж
coche,машина
trabajo,работа
música,музыка
camisa,рубашка
viaje,путешествие
luna,луна
música,музыка
viaje,путешествие
camino,дорога
canción,песня
gato,кот
película,фильм
escuela,школа
viaje,путешествие
palabra,слово
niño,ребёнок
ciudad,город
playa,пляж
dinero,деньги
felicidad,счастье
amable,вежливый
luna,луна
comida,еда
felicidad,счастье
tiempo,время
coche,машина
felicidad,счастье
película,фильм
comida,еда
libro,книга
montaña,гора
ventana,окно
gato,кот
niño,ребёнок
lento,медленный
amigo,друг
montaña,гора
familia,семья
puerta,дверь
luna,луна
pregunta,вопрос
coche,машина
zapato,туфля
camisa,рубашка
respuesta,ответ
lento,медленный
río,река
coche,машина
mujer,женщина
luna,луна
ciudad,город
amigo,друг
hombre,мужчина
palabra,слово
coche,машина
pantalón,брюки
pantalón,брюки
zapato,туфля
ropa,одежда
perro,собака
libro,книга
música,музыка
bosque,лес
montaña,гора
luna,луна
frase,фраза
coche,машина
montaña,гора
canción,песня
amigo,друг
tiempo,время
camino,дорога
familia,семья
película,фильм
camino,дорога
camisa,рубашка
pregunta,вопрос
estrella,звезда
escuela,школа
escuela,школа
pantalón,брюки
ventana,окно
puerta,дверь
canción,песня
pantalón,брюки
comida,еда
playa,пляж
escuela,школа
libro,книга
pantalón,брюки
frase,фраза
camisa,рубашка
mujer,женщина
sol,солнце
familia,семья
lento,медленный
comida,еда
noche,ночь
niño,ребёнок
viaje,путешествие
noche,ночь
familia,семья
ventana,окно
canción,песня
camino,дорога
playa,пляж
canción,песня
respuesta,ответ
lento,медленный
puerta,дверь
mar,море
comida,еда
bosque,лес
camino,дорога
gato,кот
playa,пляж
viaje,путешествие
pregunta,вопрос
familia,семья
coche,машина
comida,еда
comida,еда
mujer,женщина
perro,собака
bosque,лес
rápido,быстрый
niño,ребёнок
dinero,деньги
coche,машина
lento,медленный
casa,дом
mujer,женщина
amor,любовь
tiempo,время
libro,книга
noche,ночь
ventana,окно
día,день
respuesta,ответ
felicidad,счастье
montaña,гора
bosque,лес
mujer,женщина
río,река
niño,ребёнок
música,музыка
puerta,дверь
casa,дом
estrella,звезда
luna,луна
mar,море
idioma,язык
dinero,деньги
rápido,быстрый
ventana,окно
puerta,дверь
pantalón,брюки
dinero,деньги
frase,фраза
idioma,язык
ropa,одежда
gato,кот
felicidad,счастье
sol,солнце
día,день
río,река
camino,дорога
trabajo,работа
trabajo,работа
zapato,туфля
lento,медленный
noche,ночь
camino,дорога
idioma,язык
música,музыка
sol,солнце
música,музыка
película,фильм
palabra,слово
camisa,рубашка
viaje,путешествие
lento,медленный
escuela,школа
pregunta,вопрос
familia,семья
gato,кот
lento,медленный
ropa,одежда
gato,кот
trabajo,работа
luna,луна
rápido,быстрый
dinero,деньги
comida,еда
libro,книга
río,река
frase,фраза
mujer,женщина
mar,море
mar,море
puerta,дверь
ventana,окно
ventana,окно
amor,любовь
felicidad,счастье
sol,солнце
película,фильм
niño,ребёнок
niño,ребёнок
idioma,язык
gato,кот
estrella,звезда
hombre,мужчина
amor,любовь
película,фильм
libro,книга
amigo,друг
perro,собака
estrella,звезда
lento,медленный
viaje,путешествие
agua,вода
mujer,женщина
pantalón,брюки
escuela,школа
sol,солнце
bosque,лес
libro,книга
agua,вода
sol,солнце
música,музыка
ventana,окно
respuesta,ответ
trabajo,работа
lento,медленный
bosque,лес
respuesta,ответ
ropa,одежда
puerta,дверь
mar,море
ventana,окно
ventana,окно
amable,вежливый
coche,машина
sol,солнце
niño,ребёнок
pantalón,брюки
zapato,туфля
escuela,школа
respuesta,ответ
libro,книга
frase,фраза
familia,семья
niño,ребёнок
gato,кот
puerta,дверь
amable,вежливый
escuela,школа
respuesta,ответ
mujer,женщина
trabajo,работа
trabajo,работа
rápido,быстрый
trabajo,работа
familia,семья
palabra,слово
puerta,дверь
ventana,окно
playa,пляж
gato,кот
noche,ночь
camisa,рубашка
palabra,слово
pantalón,брюки
gato,кот
bosque,лес
coche,машина
ropa,одежда
perro,собака
camino,дорога
mujer,женщина
música,музыка
pregunta,вопрос
película,фильм
libro,книга
amor,любовь
rápido,быстрый
niño,ребёнок
sol,солнце
día,день
tiempo,время
hombre,мужчина
playa,пляж
día,день
perro,собака
hombre,мужчина
pregunta,вопрос
película,фильм
noche,ночь
noche,ночь
idioma,язык
canción,песня
camisa,рубашка
camisa,рубашка
estrella,звезда
luna,луна
comida,еда
dinero,деньги
viaje,путешествие
camino,дорога
pregunta,вопрос
pantalón,брюки
noche,ночь
zapato,туфля
amor,любовь
escuela,школа
amigo,друг
ciudad,город
escuela,школа
camisa,рубашка
puerta,дверь
mujer,женщина
agua,вода
ropa,одежда
pantalón,брюки
viaje,путешествие
día,день
escuela,школа
familia,семья
agua,вода
ropa,одежда
rápido,быстрый
zapato,туфля
lento,медленный
ventana,окно
camino,дорога
hombre,мужчина
ventana,окно
frase,фраза
pregunta,вопрос
ventana,окно
coche,машина
agua,вода
playa,пляж
mujer,женщина
perro,собака
trabajo,работа
canción,песня
canción,песня
rápido,быстрый
playa,пляж
día,день
canción,песня
agua,вода
camisa,рубашка
pregunta,вопрос
puerta,дверь
amigo,друг
felicidad,счастье
pregunta,вопрос
camisa,рубашка
comida,еда
amable,вежливый
dinero,деньги
comida,еда
viaje,путешествие
puerta,дверь
coche,машина
frase,фраза
estrella,звезда
escuela,школа
gato,кот
familia,семья
camino,дорога
viaje,путешествие
escuela,школа
gato,кот
dinero,деньги
gato,кот
mujer,женщина
amigo,друг
idioma,язык
canción,песня
amable,вежливый
mujer,женщина
trabajo,работа
amor,любовь
pregunta,вопрос
luna,луна
mar,море
bosque,лес
puerta,дверь
idioma,язык
pregunta,вопрос
camino,дорога
bosque,лес
felicidad,счастье
camisa,рубашка
camino,дорога
puerta,дверь
amor,любовь
perro,собака
ropa,одежда
perro,собака
sol,солнце
bosque,лес
canción,песня
rápido,быстрый
frase,фраза
frase,фраза
trabajo,работа
agua,вода
río,река
escuela,школа
tiempo,время
montaña,гора
canción,песня
rápido,быстрый
noche,ночь
felicidad,счастье
bosque,лес
comida,еда
ciudad,город
familia,семья
camino,дорога
camisa,рубашка
película,фильм
trabajo,работа
hombre,мужчина
amigo,друг
comida,еда
respuesta,ответ
niño,ребёнок
libro,книга
mar,море
coche,машина
coche,машина
respuesta,ответ
trabajo,работа
perro,собака
montaña,гора
amor,любовь
playa,пляж
libro,книга
dinero,деньги
mujer,женщина
tiempo,время
trabajo,работа
zapato,туфля
dinero,деньги
agua,вода
ropa,одежда
puerta,дверь
mujer,женщина
noche,ночь
camisa,рубашка
palabra,слово
pantalón,брюки
día,день
río,река
respuesta,ответ
ropa,одежда
rápido,быстрый
coche,машина
ventana,окно
idioma,язык
comida,еда
coche,машина
camino,дорога
amor,любовь
niño,ребёнок
mar,море
día,день
bosque,лес
camino,дорога
bosque,лес
comida,еда
montaña,гора
playa,пляж
palabra,слово
casa,дом
amable,вежливый
frase,фраза
película,фильм
pregunta,вопрос
amor,любовь
respuesta,ответ
hombre,мужчина
camino,дорога
amor,любовь
pregunta,вопрос
montaña,гора
gato,кот
familia,семья
ventana,окно
montaña,гора
ropa,одежда
mar,море
ropa,одежда
dinero,деньги
coche,машина
zapato,туфля
estrella,звезда
idioma,язык
gato,кот
libro,книга
gato,кот
casa,дом
sol,солнце
idioma,язык
pantalón,брюки
canción,песня
montaña,гора
camino,дорога
dinero,деньги
agua,вода
pregunta,вопрос
película,фильм
perro,собака
lento,медленный
noche,ночь
rápido,быстрый
trabajo,работа
gato,кот
idioma,язык
música,музыка
película,фильм
dinero,деньги
camino,дорога
mar,море
pregunta,вопрос
bosque,лес
montaña,гора
dinero,деньги
estrella,звезда
viaje,путешествие
niño,ребёнок
hombre,мужчина
mujer,женщина
escuela,школа
escuela,школа
felicidad,счастье
pantalón,брюки
canción,песня
trabajo,работа
niño,ребёнок
perro,собака
casa,дом
libro,книга
ciudad,город
respuesta,ответ
camisa,рубашка
zapato,туфля
ventana,окно
niño,ребёнок
día,день
escuela,школа
amor,любовь
libro,книга
camisa,рубашка
amable,вежливый
familia,семья
camino,дорога
dinero,деньги
dinero,деньги
amable,вежливый
viaje,путешествие
canción,песня
zapato,туфля
zapato,туфля
comida,еда
tiempo,время
mujer,женщина
coche,машина
comida,еда
palabra,слово
ventana,окно
niño,ребёнок
dinero,деньги
comida,еда
montaña,гора
hombre,мужчина
música,музыка
respuesta,ответ
puerta,дверь
agua,вода
pantalón,брюки
luna,луна
perro,собака
tiempo,время
amigo,друг
gato,кот
estrella,звезда
playa,пляж
hombre,мужчина
respuesta,ответ
amor,любовь
sol,солнце
comida,еда
pantalón,брюки
película,фильм
ciudad,город
camisa,рубашка
mujer,женщина
canción,песня
sol,солнце
comida,еда
camisa,рубашка
río,река
amor,любовь
pantalón,брюки
lento,медленный
mujer,женщина
comida,еда
comida,еда
mar,море
estrella,звезда
amigo,друг
pantalón,брюки
mujer,женщина
día,день
comida,еда
hombre,мужчина
niño,ребёнок
comida,еда
día,день
camisa,рубашка
escuela,школа
idioma,язык
ropa,одежда
mujer,женщина
felicidad,счастье
rápido,быстрый
amigo,друг
playa,пляж
lento,медленный
rápido,быстрый
trabajo,работа
sol,солнце
trabajo,работа
frase,фраза
ropa,одежда
respuesta,ответ
montaña,гора
casa,дом
ventana,окно
sol,солнце
río,река
zapato,туфля
trabajo,работа
tiempo,время
día,день
viaje,путешествие
pantalón,брюки
hombre,мужчина
palabra,слово
día,день
comida,еда
puerta,дверь
amor,любовь
día,день
amor,любовь
niño,ребёнок
película,фильм
rápido,быстрый
felicidad,счастье
perro,собака
rápido,быстрый
hombre,мужчина
comida,еда
camino,дорога
lento,медленный
película,фильм
niño,ребёнок
sol,солнце
canción,песня
montaña,гора
idioma,язык
montaña,гора
casa,дом
ciudad,город
bosque,лес
sol,солнце
pantalón,брюки
puerta,дверь
felicidad,счастье
frase,фраза
niño,ребёнок
idioma,язык
película,фильм
amor,любовь
idioma,язык
montaña,гора
trabajo,работа
zapato,туфля
zapato,туфля
palabra,слово
dinero,деньги
noche,ночь
agua,вода
sol,солнце
idioma,язык
felicidad,счастье
palabra,слово
día,день
zapato,туфля
estrella,звезда
respuesta,ответ
rápido,быстрый
niño,ребёнок
respuesta,ответ
trabajo,работа
estrella,звезда
ciudad,город
película,фильм
mar,море
rápido,быстрый
felicidad,счастье
puerta,дверь
gato,кот
perro,собака
viaje,путешествие
lento,медленный
amigo,друг
amigo,друг
amigo,друг
casa,дом
montaña,гора
ropa,одежда
coche,машина
ropa,одежда
dinero,деньги
estrella,звезда
rápido,быстрый
palabra,слово
felicidad,счастье
agua,вода
canción,песня
escuela,школа
sol,солнце
respuesta,ответ
respuesta,ответ
noche,ночь
idioma,язык
zapato,туфля
pregunta,вопрос
dinero,деньги
viaje,путешествие
camino,дорога
luna,луна
estrella,звезда
puerta,дверь
niño,ребёнок
puerta,дверь
palabra,слово
palabra,слово
idioma,язык
viaje,путешествие
camino,дорога
playa,пляж
canción,песня
pregunta,вопрос
mujer,женщина
respuesta,ответ
amigo,друг
estrella,звезда
película,фильм
coche,машина
bosque,лес
respuesta,ответ
libro,книга
rápido,быстрый
respuesta,ответ
camino,дорога
viaje,путешествие
amigo,друг
palabra,слово
camino,дорога
dinero,деньги
familia,семья
luna,луна
ciudad,город
pantalón,брюки
tiempo,время
ropa,одежда
dinero,деньги
zapato,туфля
ventana,окно
agua,вода
felicidad,счастье
mujer,женщина
pantalón,брюки
viaje,путешествие
respuesta,ответ
río,река
agua,вода
río,река
niño,ребёнок
río,река
luna,луна
ciudad,город
respuesta,ответ
amor,любовь
pantalón,брюки
montaña,гора
frase,фраза
amable,вежливый
playa,пляж
playa,пляж
río,река
zapato,туфля
coche,машина
casa,дом
amor,любовь
frase,фраза
dinero,деньги
puerta,дверь
libro,книга
música,музыка
noche,ночь
agua,вода
hombre,мужчина
pantalón,брюки
puerta,дверь
playa,пляж
frase,фраза
trabajo,работа
respuesta,ответ
día,день
escuela,школа
idioma,язык
río,река
coche,машина
idioma,язык
idioma,язык
tiempo,время
viaje,путешествие
perro,собака
comida,еда
ciudad,город
amable,вежливый
música,музыка
casa,дом
perro,собака
mar,море
día,день
perro,собака
mar,море
ropa,одежда
mar,море
sol,солнце
sol,солнце
luna,луна
río,река
ventana,окно
viaje,путешествие
niño,ребёнок
amor,любовь
camisa,рубашка
día,день
familia,семья
día,день
río,река
niño,ребёнок
casa,дом
dinero,деньги
perro,собака
ropa,одежда
viaje,путешествие
pantalón,брюки
montaña,гора
felicidad,счастье
tiempo,время
película,фильм
niño,ребёнок
zapato,туфля
río,река
ventana,окно
mar,море
perro,собака
coche,машина
montaña,гора
sol,солнце
día,день
agua,вода
amable,вежливый
palabra,слово
perro,собака
rápido,быстрый
ciudad,город
zapato,туфля
palabra,слово
película,фильм
agua,вода
amigo,друг
coche,машина
viaje,путешествие
puerta,дверь
tiempo,время
viaje,путешествие
amor,любовь
hombre,мужчина
frase,фраза
amor,любовь
amigo,друг
camino,дорога
trabajo,работа
viaje,путешествие
respuesta,ответ
libro,книга
amor,любовь
pantalón,брюки
familia,семья
amable,вежливый
lento,медленный
ciudad,город
bosque,лес
bosque,лес
río,река
zapato,туфля
camisa,рубашка
amigo,друг
comida,еда
libro,книга
día,день
rápido,быстрый
sol,солнце
película,фильм
agua,вода
película,фильм
música,музыка
luna,луна
ventana,окно
libro,книга
puerta,дверь
felicidad,счастье
niño,ребёнок
agua,вода
comida,еда
dinero,деньги
tiempo,время
gato,кот
música,музыка
respuesta,ответ
canción,песня
libro,книга
estrella,звезда
película,фильм
zapato,туфля
palabra,слово
niño,ребёнок
playa,пляж
mujer,женщина
luna,луна
música,музыка
gato,кот
noche,ночь
camino,дорога
idioma,язык
casa,дом
playa,пляж
dinero,деньги
comida,еда
mar,море
día,день
zapato,туфля
coche,машина
sol,солнце
playa,пляж
familia,семья
agua,вода
luna,луна
ciudad,город
familia,семья
película,фильм
libro,книга
río,река
comida,еда
bosque,лес
camino,дорога
puerta,дверь
pantalón,брюки
amor,любовь
agua,вода
idioma,язык
agua,вода
palabra,слово
ciudad,город
rápido,быстрый
música,музыка
playa,пляж
pregunta,вопрос
montaña,гора
bosque,лес
comida,еда
ventana,окно
ropa,одежда
frase,фраза
pregunta,вопрос
idioma,язык
casa,дом
zapato,туфля
lento,медленный
amable,вежливый
palabra,слово
escuela,школа
niño,ребёнок
idioma,язык
día,день
comida,еда
camisa,рубашка
palabra,слово
día,день
pregunta,вопрос
mar,море
idioma,язык
canción,песня
frase,фраза
ventana,окно
camisa,рубашка
pregunta,вопрос
perro,собака
rápido,быстрый
mar,море
película,фильм
idioma,язык
camino,дорога
ciudad,город
amigo,друг
música,музыка
camino,дорога
montaña,гора
camisa,рубашка
escuela,школа
agua,вода
playa,пляж
agua,вода
ciudad,город
casa,дом
rápido,быстрый
camino,дорога
amable,вежливый
perro,собака
libro,книга
palabra,слово
pregunta,вопрос
mar,море
hombre,мужчина
respuesta,ответ
zapato,туфля
gato,кот
viaje,путешествие
idioma,язык
tiempo,время
idioma,язык
ventana,окно
mujer,женщина
dinero,деньги
comida,еда
canción,песня
viaje,путешествие
respuesta,ответ
amor,любовь
montaña,гора
amigo,друг
gato,кот
ciudad,город
escuela,школа
felicidad,счастье
río,река
luna,луна
libro,книга
rápido,быстрый
coche,машина
gato,кот
casa,дом
felicidad,счастье
palabra,слово
lento,медленный
mar,море
ciudad,город
coche,машина
sol,солнце
frase,фраза
amor,любовь
ropa,одежда
perro,собака
mujer,женщина
viaje,путешествие
luna,луна
camisa,рубашка
casa,дом
río,река
frase,фраза
niño,ребёнок
escuela,школа
mujer,женщина
puerta,дверь
música,музыка
agua,вода
ventana,окно
pregunta,вопрос
amor,любовь
estrella,звезда
día,день
rápido,быстрый
viaje,путешествие
sol,солнце
camino,дорога
hombre,мужчина
mujer,женщина
familia,семья
dinero,деньги
felicidad,счастье
playa,пляж
canción,песня
día,день
palabra,слово
lento,медленный
agua,вода
mujer,женщина
camisa,рубашка
rápido,быстрый
gato,кот
ropa,одежда
amable,вежливый
agua,вода
ropa,одежда
día,день
palabra,слово
canción,песня
bosque,лес
camisa,рубашка
familia,семья
comida,еда
mujer,женщина
puerta,дверь
dinero,деньги
escuela,школа
viaje,путешествие
noche,ночь
canción,песня
niño,ребёнок
mujer,женщина
comida,еда
zapato,туфля
tiempo,время
palabra,слово
montaña,гора
libro,книга
luna,луна
familia,семья
dinero,деньги
pantalón,брюки
felicidad,счастье
frase,фраза
frase,фраза
bosque,лес
agua,вода
felicidad,счастье
ciudad,город
niño,ребёнок
coche,машина
mar,море
puerta,дверь
niño,ребёнок
coche,машина
viaje,путешествие
idioma,язык
frase,фраза
frase,фраза
puerta,дверь
río,река
puerta,дверь
perro,собака
ventana,окно
comida,еда
camisa,рубашка
pregunta,вопрос
palabra,слово
camino,дорога
música,музыка
hombre,мужчина
libro,книга
película,фильм
escuela,школа
mujer,женщина
trabajo,работа
felicidad,счастье
pregunta,вопрос
familia,семья
luna,луна
montaña,гора
mar,море
respuesta,ответ
pantalón,брюки
agua,вода
idioma,язык
escuela,школа
hombre,мужчина
luna,луна
felicidad,счастье
trabajo,работа
casa,дом
zapato,туфля
amable,вежливый
mar,море
mar,море
noche,ночь
viaje,путешествие
frase,фраза
día,день
felicidad,счастье
familia,семья
coche,машина
comida,еда
día,день
tiempo,время
escuela,школа
música,музыка
pantalón,брюки
casa,дом
amigo,друг
luna,луна
estrella,звезда
montaña,гора
playa,пляж
estrella,звезда
camino,дорога
amigo,друг
montaña,гора
ventana,окно
amigo,друг
amigo,друг
niño,ребёнок
ropa,одежда
sol,солнце
puerta,дверь
agua,вода
tiempo,время
trabajo,работа
noche,ночь
hombre,мужчина
río,река
ropa,одежда
hombre,мужчина
agua,вода
perro,собака
palabra,слово
frase,фраза
niño,ребёнок
idioma,язык
ventana,окно
montaña,гора
luna,луна
hombre,мужчина
perro,собака
rápido,быстрый
niño,ребёнок
sol,солнце
ventana,окно
zapato,туфля
mar,море
día,день
trabajo,работа
gato,кот
comida,еда
ciudad,город
dinero,деньги
camino,дорога
montaña,гора
puerta,дверь
sol,солнце
amable,вежливый
música,музыка
amigo,друг
luna,луна
camino,дорога
playa,пляж
casa,дом
perro,собака
amable,вежливый
amable,вежливый
hombre,мужчина
ciudad,город
puerta,дверь
agua,вода
niño,ребёнок
comida,еда
coche,машина
estrella,звезда
idioma,язык
luna,луна
niño,ребёнок
pantalón,брюки
río,река
montaña,гора
luna,луна
respuesta,ответ
niño,ребёнок
música,музыка
música,музыка
camisa,рубашка
montaña,гора
respuesta,ответ
pregunta,вопрос
libro,книга
estrella,звезда
camino,дорога
amor,любовь
gato,кот
luna,луна
playa,пляж
dinero,деньги
casa,дом
noche,ночь
día,день
amigo,друг
música,музыка
niño,ребёнок
sol,солнце
luna,луна
comida,еда
dinero,деньги
sol,солнце
música,музыка
ropa,одежда
ciudad,город
mar,море
comida,еда
mujer,женщина
amable,вежливый
perro,собака
ciudad,город
río,река
música,музыка
noche,ночь
película,фильм
amable,вежливый
amor,любовь
ciudad,город
respuesta,ответ
tiempo,время
puerta,дверь
respuesta,ответ
día,день
canción,песня
perro,собака
día,день
rápido,быстрый
noche,ночь
luna,луна
amor,любовь
niño,ребёнок
coche,машина
montaña,гора
día,день
película,фильм
viaje,путешествие
idioma,язык
felicidad,счастье
música,музыка
playa,пляж
felicidad,счастье
amor,любовь
respuesta,ответ
pregunta,вопрос
ropa,одежда
comida,еда
gato,кот
amable,вежливый
zapato,туфля
ventana,окно
lento,медленный
escuela,школа
montaña,гора
canción,песня
camisa,рубашка
río,река
amigo,друг
música,музыка
trabajo,работа
estrella,звезда
viaje,путешествие
pregunta,вопрос
ropa,одежда
comida,еда
playa,пляж
zapato,туфля
familia,семья
ciudad,город
tiempo,время
trabajo,работа
luna,луна
estrella,звезда
felicidad,счастье
estrella,звезда
zapato,туфля
música,музыка
lento,медленный
puerta,дверь
escuela,школа
escuela,школа
amigo,друг
casa,дом
dinero,деньги
bosque,лес
camino,дорога
película,фильм
amable,вежливый
río,река
música,музыка
casa,дом
casa,дом
ciudad,город
río,река
comida,еда
felicidad,счастье
estrella,звезда
amigo,друг
amor,любовь
pantalón,брюки
amor,любовь
música,музыка
frase,фраза
puerta,дверь
puerta,дверь
ropa,одежда
tiempo,время
pantalón,брюки
pantalón,брюки
estrella,звезда
noche,ночь
película,фильм
amable,вежливый
ventana,окно
luna,луна
noche,ночь
mujer,женщина
idioma,язык
casa,дом
canción,песня
noche,ночь
amable,вежливый
perro,собака
ciudad,город
trabajo,работа
hombre,мужчина
sol,солнце
agua,вода
trabajo,работа
frase,фраза
estrella,звезда
lento,медленный
frase,фраза
frase,фраза
luna,луна
escuela,школа
música,музыка
respuesta,ответ
montaña,гора
montaña,гора
niño,ребёнок
día,день
respuesta,ответ
noche,ночь
escuela,школа
trabajo,работа
comida,еда
camisa,рубашка
familia,семья
zapato,туфля
amor,любовь
gato,кот
sol,солнце
camisa,рубашка
amigo,друг
rápido,быстрый
casa,дом
amigo,друг
tiempo,время
mujer,женщина
ciudad,город
viaje,путешествие
agua,вода
mujer,женщина
pregunta,вопрос
familia,семья
río,река
puerta,дверь
puerta,дверь
tiempo,время
mujer,женщина
ciudad,город
niño,ребёнок
felicidad,счастье
rápido,быстрый
río,река
gato,кот
montaña,гора
comida,еда
ciudad,город
niño,ребёнок
idioma,язык
respuesta,ответ
camisa,рубашка
comida,еда
amigo,друг
playa,пляж
tiempo,время
camisa,рубашка
rápido,быстрый
tiempo,время
hombre,мужчина
comida,еда
amor,любовь
canción,песня
amigo,друг
agua,вода
libro,книга
comida,еда
lento,медленный
gato,кот
libro,книга
ciudad,город
amor,любовь
amor,любовь
amigo,друг
puerta,дверь
lento,медленный
idioma,язык
pantalón,брюки
ciudad,город
libro,книга
familia,семья
frase,фраза
ventana,окно
familia,семья
estrella,звезда
frase,фраза
puerta,дверь
día,день
sol,солнце
estrella,звезда
pantalón,брюки
familia,семья
niño,ребёнок
rápido,быстрый
luna,луна
felicidad,счастье
tiempo,время
ciudad,город
comida,еда
ventana,окно
canción,песня
frase,фраза
escuela,школа
bosque,лес
rápido,быстрый
amigo,друг
agua,вода
viaje,путешествие
escuela,школа
trabajo,работа
libro,книга
ropa,одежда
idioma,язык
camino,дорога
respuesta,ответ
bosque,лес
pregunta,вопрос
camisa,рубашка
película,фильм
hombre,мужчина
ventana,окно
escuela,школа
noche,ночь
pantalón,брюки
río,река
amor,любовь
coche,машина
mujer,женщина
película,фильм
libro,книга
amor,любовь
zapato,туфля
agua,вода
perro,собака
camisa,рубашка
palabra,слово
libro,книга
comida,еда
palabra,слово
día,день
playa,пляж
ciudad,город
amor,любовь
película,фильм
idioma,язык
casa,дом
rápido,быстрый
montaña,гора
coche,машина
familia,семья
canción,песня
niño,ребёнок
luna,луна
camisa,рубашка
idioma,язык
estrella,звезда
sol,солнце
pregunta,вопрос
felicidad,счастье
montaña,гора
agua,вода
dinero,деньги
pregunta,вопрос
viaje,путешествие
frase,фраза
montaña,гора
mar,море
ciudad,город
gato,кот
tiempo,время
palabra,слово
ventana,окно
mujer,женщина
rápido,быстрый
mar,море
ciudad,город
noche,ночь
frase,фраза
respuesta,ответ
sol,солнце
rápido,быстрый
ciudad,город
amor,любовь
zapato,туфля
lento,медленный
luna,луна
ventana,окно
perro,собака
amable,вежливый
estrella,звезда
niño,ребёнок
respuesta,ответ
gato,кот
dinero,деньги
camisa,рубашка
tiempo,время
camino,дорога
lento,медленный
palabra,слово
comida,еда
pregunta,вопрос
luna,луна
lento,медленный
dinero,деньги
río,река
familia,семья
música,музыка
amable,вежливый
amor,любовь
trabajo,работа
gato,кот
noche,ночь
frase,фраза
felicidad,счастье
camisa,рубашка
noche,ночь
palabra,слово
viaje,путешествие
niño,ребёнок
hombre,мужчина
familia,семья
mujer,женщина
camino,дорога
montaña,гора
amigo,друг
rápido,быстрый
escuela,школа
pregunta,вопрос
agua,вода
amigo,друг
trabajo,работа
camino,дорога
ciudad,город
casa,дом
agua,вода
idioma,язык
ciudad,город
playa,пляж
canción,песня
dinero,деньги
amable,вежливый
felicidad,счастье
agua,вода
niño,ребёнок
niño,ребёнок
respuesta,ответ
playa,пляж
amigo,друг
luna,луна
libro,книга
viaje,путешествие
comida,еда
bosque,лес
hombre,мужчина
pantalón,брюки
río,река
playa,пляж
familia,семья
ropa,одежда
camino,дорога
libro,книга
coche,машина
noche,ночь
río,река
zapato,туфля
noche,ночь
perro,собака
familia,семья
escuela,школа
libro,книга
día,день
ropa,одежда
viaje,путешествие
lento,медленный
estrella,звезда
agua,вода
día,день
respuesta,ответ
camisa,рубашка
noche,ночь
familia,семья
camisa,рубашка
pregunta,вопрос
película,фильм
rápido,быстрый
felicidad,счастье
puerta,дверь
comida,еда
agua,вода
ventana,окно
libro,книга
palabra,слово
ropa,одежда
coche,машина
mar,море
montaña,гора
puerta,дверь
viaje,путешествие
playa,пляж
amable,вежливый
mujer,женщина
comida,еда
pantalón,брюки
coche,машина
casa,дом
trabajo,работа
trabajo,работа
lento,медленный
música,музыка
música,музыка
trabajo,работа
rápido,быстрый
escuela,школа
escuela,школа
casa,дом
ventana,окно
hombre,мужчина
casa,дом
pantalón,брюки
estrella,звезда
idioma,язык
pantalón,брюки
playa,пляж
agua,вода
